
SET IDENTITY_INSERT [dbo].[persona_detalle] ON 

INSERT [dbo].[persona_detalle] ([id_persona_detalle], [altura], [peso], [edad], [IMC]) VALUES (1, CAST(1.70 AS Decimal(5, 2)), CAST(70.00 AS Decimal(5, 2)), 21, NULL)
INSERT [dbo].[persona_detalle] ([id_persona_detalle], [altura], [peso], [edad], [IMC]) VALUES (2, CAST(1.68 AS Decimal(5, 2)), CAST(65.00 AS Decimal(5, 2)), 20, NULL)
SET IDENTITY_INSERT [dbo].[persona_detalle] OFF
SET IDENTITY_INSERT [dbo].[persona] ON 

INSERT [dbo].[persona] ([id_persona], [id_persona_detalle], [correo], [clave]) VALUES (1, 1, N'albarocioperez@hotmail.com', NULL)
SET IDENTITY_INSERT [dbo].[persona] OFF
SET IDENTITY_INSERT [dbo].[clasificacion_imc] ON 

INSERT [dbo].[clasificacion_imc] ([id_clasificacion_imc], [descripcion], [imc_rango_menor], [imc_rango_mayor]) VALUES (1, N'Peso Bajo ', CAST(0.000 AS Decimal(5, 3)), CAST(18.000 AS Decimal(5, 3)))
INSERT [dbo].[clasificacion_imc] ([id_clasificacion_imc], [descripcion], [imc_rango_menor], [imc_rango_mayor]) VALUES (2, N'Normal', CAST(18.000 AS Decimal(5, 3)), CAST(24.900 AS Decimal(5, 3)))
INSERT [dbo].[clasificacion_imc] ([id_clasificacion_imc], [descripcion], [imc_rango_menor], [imc_rango_mayor]) VALUES (3, N'Sobrepeso', CAST(25.000 AS Decimal(5, 3)), CAST(26.900 AS Decimal(5, 3)))
INSERT [dbo].[clasificacion_imc] ([id_clasificacion_imc], [descripcion], [imc_rango_menor], [imc_rango_mayor]) VALUES (4, N'Obesidad Grado 1', CAST(27.000 AS Decimal(5, 3)), CAST(29.900 AS Decimal(5, 3)))
INSERT [dbo].[clasificacion_imc] ([id_clasificacion_imc], [descripcion], [imc_rango_menor], [imc_rango_mayor]) VALUES (5, N'Obesidad Grado 2', CAST(30.000 AS Decimal(5, 3)), CAST(39.900 AS Decimal(5, 3)))
INSERT [dbo].[clasificacion_imc] ([id_clasificacion_imc], [descripcion], [imc_rango_menor], [imc_rango_mayor]) VALUES (6, N'Obesidad Grado 3 Extrema ', CAST(40.000 AS Decimal(5, 3)), CAST(60.000 AS Decimal(5, 3)))
SET IDENTITY_INSERT [dbo].[clasificacion_imc] OFF
SET IDENTITY_INSERT [dbo].[enfermedad] ON 

INSERT [dbo].[enfermedad] ([id_enfermedad], [id_clasificacion_imc], [descripcion], [edad_rango_menor], [edad_rango_mayor]) VALUES (1, 1, N'Desarrollo de Demencia', 15, 70)
INSERT [dbo].[enfermedad] ([id_enfermedad], [id_clasificacion_imc], [descripcion], [edad_rango_menor], [edad_rango_mayor]) VALUES (2, 1, N'Sufrir Osteoporosis', 5, 60)
INSERT [dbo].[enfermedad] ([id_enfermedad], [id_clasificacion_imc], [descripcion], [edad_rango_menor], [edad_rango_mayor]) VALUES (3, 1, N'Debilidad del Sistema Inmunologico', 1, 70)
INSERT [dbo].[enfermedad] ([id_enfermedad], [id_clasificacion_imc], [descripcion], [edad_rango_menor], [edad_rango_mayor]) VALUES (4, 1, N'Problemas De Fertilidad ', 15, 50)
INSERT [dbo].[enfermedad] ([id_enfermedad], [id_clasificacion_imc], [descripcion], [edad_rango_menor], [edad_rango_mayor]) VALUES (5, 1, N'Anemia', 1, 70)
INSERT [dbo].[enfermedad] ([id_enfermedad], [id_clasificacion_imc], [descripcion], [edad_rango_menor], [edad_rango_mayor]) VALUES (6, 1, N'Caida del Cabello', 1, 70)
INSERT [dbo].[enfermedad] ([id_enfermedad], [id_clasificacion_imc], [descripcion], [edad_rango_menor], [edad_rango_mayor]) VALUES (7, 1, N'Enfermedades del Corazon y Artritis', 5, 70)
INSERT [dbo].[enfermedad] ([id_enfermedad], [id_clasificacion_imc], [descripcion], [edad_rango_menor], [edad_rango_mayor]) VALUES (8, 1, N'Perdida de Masa Muscular', 15, 50)
INSERT [dbo].[enfermedad] ([id_enfermedad], [id_clasificacion_imc], [descripcion], [edad_rango_menor], [edad_rango_mayor]) VALUES (9, 1, N'Reduccion de la Absorcion de los Nutrientes', 1, 70)
INSERT [dbo].[enfermedad] ([id_enfermedad], [id_clasificacion_imc], [descripcion], [edad_rango_menor], [edad_rango_mayor]) VALUES (10, 4, N'Enfermedades Cardiovascular', 1, 70)
INSERT [dbo].[enfermedad] ([id_enfermedad], [id_clasificacion_imc], [descripcion], [edad_rango_menor], [edad_rango_mayor]) VALUES (11, 5, N'Enfermedades Cardiovascular', 1, 70)
INSERT [dbo].[enfermedad] ([id_enfermedad], [id_clasificacion_imc], [descripcion], [edad_rango_menor], [edad_rango_mayor]) VALUES (12, 6, N'Enfermedades Cardiovascular', 1, 70)
INSERT [dbo].[enfermedad] ([id_enfermedad], [id_clasificacion_imc], [descripcion], [edad_rango_menor], [edad_rango_mayor]) VALUES (13, 4, N'Hipertencion Arterial', 20, 70)
INSERT [dbo].[enfermedad] ([id_enfermedad], [id_clasificacion_imc], [descripcion], [edad_rango_menor], [edad_rango_mayor]) VALUES (14, 5, N'Hipertencion Arterial', 20, 70)
INSERT [dbo].[enfermedad] ([id_enfermedad], [id_clasificacion_imc], [descripcion], [edad_rango_menor], [edad_rango_mayor]) VALUES (15, 6, N'Hipertencion Arterial', 20, 70)
INSERT [dbo].[enfermedad] ([id_enfermedad], [id_clasificacion_imc], [descripcion], [edad_rango_menor], [edad_rango_mayor]) VALUES (16, 3, N'Accidente Cerebrovascular', 15, 70)
INSERT [dbo].[enfermedad] ([id_enfermedad], [id_clasificacion_imc], [descripcion], [edad_rango_menor], [edad_rango_mayor]) VALUES (17, 4, N'Accidente Cerebrovascular', 15, 70)
INSERT [dbo].[enfermedad] ([id_enfermedad], [id_clasificacion_imc], [descripcion], [edad_rango_menor], [edad_rango_mayor]) VALUES (18, 5, N'Accidente Cerebrovascular', 15, 70)
INSERT [dbo].[enfermedad] ([id_enfermedad], [id_clasificacion_imc], [descripcion], [edad_rango_menor], [edad_rango_mayor]) VALUES (19, 6, N'Accidente Cerebrovascular', 15, 70)
INSERT [dbo].[enfermedad] ([id_enfermedad], [id_clasificacion_imc], [descripcion], [edad_rango_menor], [edad_rango_mayor]) VALUES (20, 5, N'Diabetis Mellitus tipo 2', 20, 70)
INSERT [dbo].[enfermedad] ([id_enfermedad], [id_clasificacion_imc], [descripcion], [edad_rango_menor], [edad_rango_mayor]) VALUES (21, 5, N'Hiperlipemia', 20, 70)
INSERT [dbo].[enfermedad] ([id_enfermedad], [id_clasificacion_imc], [descripcion], [edad_rango_menor], [edad_rango_mayor]) VALUES (22, 6, N'Hiperlipemia', 20, 70)
INSERT [dbo].[enfermedad] ([id_enfermedad], [id_clasificacion_imc], [descripcion], [edad_rango_menor], [edad_rango_mayor]) VALUES (23, 3, N'Enfermedades Cardiovascular', 1, 70)
INSERT [dbo].[enfermedad] ([id_enfermedad], [id_clasificacion_imc], [descripcion], [edad_rango_menor], [edad_rango_mayor]) VALUES (24, 3, N'Sindrome Metabolico', 5, 70)
INSERT [dbo].[enfermedad] ([id_enfermedad], [id_clasificacion_imc], [descripcion], [edad_rango_menor], [edad_rango_mayor]) VALUES (25, 4, N'Sindrome Metabolico', 5, 70)
INSERT [dbo].[enfermedad] ([id_enfermedad], [id_clasificacion_imc], [descripcion], [edad_rango_menor], [edad_rango_mayor]) VALUES (26, 5, N'Sindrome Metabolico', 5, 70)
INSERT [dbo].[enfermedad] ([id_enfermedad], [id_clasificacion_imc], [descripcion], [edad_rango_menor], [edad_rango_mayor]) VALUES (27, 6, N'Sindrome Metabolico', 5, 70)
INSERT [dbo].[enfermedad] ([id_enfermedad], [id_clasificacion_imc], [descripcion], [edad_rango_menor], [edad_rango_mayor]) VALUES (28, 6, N'Distintos Tipos de Cancer', 1, 70)
INSERT [dbo].[enfermedad] ([id_enfermedad], [id_clasificacion_imc], [descripcion], [edad_rango_menor], [edad_rango_mayor]) VALUES (29, 5, N'Artrosis/Artropatia Degenerativa', 15, 70)
INSERT [dbo].[enfermedad] ([id_enfermedad], [id_clasificacion_imc], [descripcion], [edad_rango_menor], [edad_rango_mayor]) VALUES (30, 6, N'Artrosis/Artropatia Degenerativa', 15, 70)
INSERT [dbo].[enfermedad] ([id_enfermedad], [id_clasificacion_imc], [descripcion], [edad_rango_menor], [edad_rango_mayor]) VALUES (31, 4, N'Infertalidad y Alteraciones en el Ciclo Menstrual', 15, 50)
INSERT [dbo].[enfermedad] ([id_enfermedad], [id_clasificacion_imc], [descripcion], [edad_rango_menor], [edad_rango_mayor]) VALUES (32, 5, N'Infertilidad y Alteraciones en el Ciclo Menstrual', 15, 50)
INSERT [dbo].[enfermedad] ([id_enfermedad], [id_clasificacion_imc], [descripcion], [edad_rango_menor], [edad_rango_mayor]) VALUES (34, 6, N'Infertilidad y Alteraciones en el Ciclo Mentrual ', 15, 50)
INSERT [dbo].[enfermedad] ([id_enfermedad], [id_clasificacion_imc], [descripcion], [edad_rango_menor], [edad_rango_mayor]) VALUES (35, 4, N'Calculos Biliares', 12, 70)
INSERT [dbo].[enfermedad] ([id_enfermedad], [id_clasificacion_imc], [descripcion], [edad_rango_menor], [edad_rango_mayor]) VALUES (36, 5, N'Calculos Biliares', 12, 70)
INSERT [dbo].[enfermedad] ([id_enfermedad], [id_clasificacion_imc], [descripcion], [edad_rango_menor], [edad_rango_mayor]) VALUES (37, 6, N'Calculos Biliares', 12, 70)
INSERT [dbo].[enfermedad] ([id_enfermedad], [id_clasificacion_imc], [descripcion], [edad_rango_menor], [edad_rango_mayor]) VALUES (38, 3, N'Daño al Higado', 10, 70)
INSERT [dbo].[enfermedad] ([id_enfermedad], [id_clasificacion_imc], [descripcion], [edad_rango_menor], [edad_rango_mayor]) VALUES (39, 4, N'Daño al Higado', 10, 70)
INSERT [dbo].[enfermedad] ([id_enfermedad], [id_clasificacion_imc], [descripcion], [edad_rango_menor], [edad_rango_mayor]) VALUES (40, 5, N'Daño al Higado', 10, 70)
INSERT [dbo].[enfermedad] ([id_enfermedad], [id_clasificacion_imc], [descripcion], [edad_rango_menor], [edad_rango_mayor]) VALUES (41, 6, N'Daño al Higado ', 10, 70)
INSERT [dbo].[enfermedad] ([id_enfermedad], [id_clasificacion_imc], [descripcion], [edad_rango_menor], [edad_rango_mayor]) VALUES (42, 3, N'Depresion y Otros Transtornos Psiquicos', 15, 70)
INSERT [dbo].[enfermedad] ([id_enfermedad], [id_clasificacion_imc], [descripcion], [edad_rango_menor], [edad_rango_mayor]) VALUES (43, 4, N'Depresion y Otros Transtornos Psiquicos', 15, 70)
INSERT [dbo].[enfermedad] ([id_enfermedad], [id_clasificacion_imc], [descripcion], [edad_rango_menor], [edad_rango_mayor]) VALUES (44, 5, N'Depresion y Otros Transtornos Psiquicos', 15, 70)
INSERT [dbo].[enfermedad] ([id_enfermedad], [id_clasificacion_imc], [descripcion], [edad_rango_menor], [edad_rango_mayor]) VALUES (45, 6, N'Depresion y Otros Transtornos Psiquicos', 15, 70)
SET IDENTITY_INSERT [dbo].[enfermedad] OFF
SET IDENTITY_INSERT [dbo].[recomendacion] ON 

INSERT [dbo].[recomendacion] ([id_recomendacion], [titulo], [descripcion], [descripcion_corta], [imagen]) VALUES (1, N'Comer Despacio.', N'Comer despacio contribuye a un menor riesgo de obesidad, porque ayudar a controlar el apetito y reduce en muchas personas la cantidad de comida ingerida. Los expertos explican este fenómeno por una reducción de la sensación de hambre y un aumento de la sensación de saciedad', N'Comer despacio contribuye a un menor riesgo de obesidad, porque ayudar a controlar el apetito.', N'comerdespacio.jpg')
INSERT [dbo].[recomendacion] ([id_recomendacion], [titulo], [descripcion], [descripcion_corta], [imagen]) VALUES (2, N'Masticar a Conciencia.', N'Los pacientes con sobrepeso u obesidad tienen un ritmo de ingestión superior y mastican la comida un número menor de veces, aunque tienen un tamaño de bocado similar a los sujetos delgados.Un gran tamaño de cada bocado y la falta de masticación contribuyen a una baja saciedad de los alimentos.
Los alimentos que se comen a bocados pequeños, se mastican más y durante más tiempo y proporcionan una saciedad mayor.Masticar bien es una estrategia efectiva para reducir la cantidad de comida ingerida, especialmente en jóvenes.Aumentar el número de veces que se mastica prolonga la duración de la comida y reduce el ritmo de ingestión de alimentos y el apetito, lo que ayuda a mantener el peso.Masticar cada bocado durante 30 segundos o más reduce la ingestion de alimentos entre comidas y el total de comida ingerida a lo largo del día.Aumentar el número de masticaciones antes de tragar disminuye la ingestión de comida aunque se mastique mas de prisa.', N'Los pacientes con sobrepeso u obesidad tienen un ritmo de ingestión superior y mastican la comida un número menor de veces.', N'masticar.jpg')
INSERT [dbo].[recomendacion] ([id_recomendacion], [titulo], [descripcion], [descripcion_corta], [imagen]) VALUES (3, N'Comer Mas Veces.', N'Dividir la comida en varias porciones mas pequeñas reduce el apetito y la ingestión de comida en un 27%. Este consumo escalonado de comida facilita el control del apetito sin afectar al alimento que se toma entre horas, especialmente después de la comida principal. Comer mas a menudo tiene un efecto beneficioso a corto plazo sobre el control del apetito. Sin embargo, la falta de ayuno entre comidas origina una disminución en el gasto de calorías.
La misma cantidad de calorías dividida en tres comidas en comparación con hacerlo sólo dos veces, aumenta la saciedad a lo largo de las 24 horas. En sujetos sanos, la disminución del intervalo entre comida proporciona una saciedad prolongada, especialmente durante el día, favoreciendo la oxidación de grasas, sobre todo durante la noche.', N'Dividir la comida en varias porciones mas pequeñas reduce el apetito y la ingestión de comida en un 27%.', N'tenedores.jpg')
INSERT [dbo].[recomendacion] ([id_recomendacion], [titulo], [descripcion], [descripcion_corta], [imagen]) VALUES (4, N'Tamaño Del Plato ', N'El uso de platos mas pequeños no reduce la cantidad de comida que se ingiere. Sin embargo, un pequeño aumento del tamaño de los platos puede conducir a un aumento sustancial de las calorías disponibles para su consumo, particularmente si se trata de alimentos ricos en calorías. Esto hace aconsejable mantener o reducir el tamaño de los platos como parte de las medidas para luchar contra la obesidad.', N'El uso de platos mas pequeños no reduce la cantidad de comida que se ingiere.', N'platos.jpg')
INSERT [dbo].[recomendacion] ([id_recomendacion], [titulo], [descripcion], [descripcion_corta], [imagen]) VALUES (5, N'Tamaño del Bocado ', N'Comer a bocados más pequeños reduce la cantidad de comida ingerida al empezar a comer, pero no influye sobre la ingestón total de comida. En cambio, los alimentos que se consumen en bocados más pequeños, se mastican más y durante más tiempo suelen producir también una mayor saciedad.', N'Comer a bocados más pequeños reduce la cantidad de comida ingerida al empezar a comer, pero no influye sobre la ingestón total de comida.', N'bocado.jpg')
INSERT [dbo].[recomendacion] ([id_recomendacion], [titulo], [descripcion], [descripcion_corta], [imagen]) VALUES (6, N'Tamaño de las Raciones', N'El mayor tamaño de las raciones de comida puede incitar a comer en exceso y contribuye a la obesidad.Las personas tienden a comer mas cuando se les ofrece una cantidad mayor de comida en comparación a cuando se les ofrecen raciones mas pequeñas.Los grandes tamaños de las porciones de alimentos son determinantes de un alto consumo de calorías, especialmente si se han hecho mas atractivos a través de precios unitarios más bajos para los grandes que para los pequeños tamaños de raciones.El efecto del tamaño se suma al efecto de comer junto a otros acompañantes. Cuando estos comen mas, las personas tienden también a hacerlo.
El control de la cantidad de comida puesta en el plato es una solución eficaz, sencilla, fiable y sostenible para lograr una pérdida de peso.', N'El mayor tamaño de las raciones de comida puede incitar a comer en exceso y contribuye a la obesidad.', N'raciones.jpg')
INSERT [dbo].[recomendacion] ([id_recomendacion], [titulo], [descripcion], [descripcion_corta], [imagen]) VALUES (7, N'Otros Alimentos.', N'Las bebidas despiertan menos el apetito que los alimentos sólidos.En particular, los alimentos ricos en proteínas, que además inducen una mayor saciedad.Comer ensalada disminuye la ingestión total de calorías de las comidas unas 123 calorías de promedio.Es mas efectiva esta medida si se consume antes del plato de comida principal.
Una cantidad moderada de café puede reducir de forma efectiva el consumo de calorías en la siguiente comida y en el total diario en comparación con beber poco o ningún café en pacientes con sobrepeso u obesidad.En comparación con desayunos convencionales a base de bollería, del mismo peso y calorias, el huevo induce una mayor saciedad y reduce significativamente la ingestión de otros alimentos, aunque esta no es una medida recomendable con carácter general para pacientes con sobrepeso.Comer en primer lugar los alimentos con pocas calorías aumenta la saciedad y reduce la ingestión total de calorías de la comida. El consumo de una gran porción de un alimento de bajo contenido energético al comienzo de una comida puede ser una estrategia eficaz para el control de peso.Al reducir la cantidad total de calorías de la dieta, se puede seguir comiendo la cantidad habitual de alimentos a la vez que se limitan las calorías. Servir raciones de comida más grandes pero de bajo contenido en calorías (frutas, verduras) puede fomentar el consumo de estos alimentos y reducir las calorías mientras se mantiene la saciedad.', N'Las bebidas despiertan menos el apetito que los alimentos sólidos.', N'ensalada.jpg')
INSERT [dbo].[recomendacion] ([id_recomendacion], [titulo], [descripcion], [descripcion_corta], [imagen]) VALUES (8, N'Ejercitarse Diariamente', N'La pérdida de peso inducida por el ejercicio depende no sólo del ejercicio en sí (gasto de calorías, tiempo, etc.), sino también de las reacciones compensatorias de cada persona. Así, por ejemplo, la pérdida de peso inducida por el ejercicio se asocia con una mayor tendencia a comer en ayunas, que puede ser contrarrestada por una mayor saciedad y un mejor control del apetito.En adolescentes obesos, el ejercicio de alta intensidad tiene un impacto beneficioso sobre el gasto de energía, debido principalmente a la disminución espontánea de la ingestión de calorías durante y después de la sesión de ejercicio. Estos ejercicios de alta intensidad ayudan a promover la pérdida de peso y pueden ser eficaces para el control del peso sin aumentar las sensaciones de apetito o hambre ni el sentimiento de privación de alimentos.Las sesiones de ejercicio de intensidad moderada tiene un efecto anorexígeno (reductor del apetito) caracterizado por disminución del hambre (-17,4%, p = 0,004) y de la ración de alimentos consumida (-7,7%, p = 0,003) en comparación con no hacer ningún ejercicio.', N'La pérdida de peso inducida por el ejercicio depende no sólo del ejercicio en sí .', N'ejerdieta.jpg')
INSERT [dbo].[recomendacion] ([id_recomendacion], [titulo], [descripcion], [descripcion_corta], [imagen]) VALUES (9, N'No Hay Milagros.', N'Lo fundamental del control y mejora del peso corporal se basa en una dieta reducida en grasa con disminución de calorías, junto con hábitos alimenticios regulares y un tamaño adecuado de la ración de comida. Estas medidas proporcionan no sólo un control aceptable del peso corporal sino que probablemente también una suficiente saciedad.', N'Lo fundamental del control y mejora del peso corporal se basa en una dieta reducida en grasa.', N'milagro.jpg')
INSERT [dbo].[recomendacion] ([id_recomendacion], [titulo], [descripcion], [descripcion_corta], [imagen]) VALUES (10, N'Dieta Balanceada', N'Tener un dieta balanceada, si no hay buena gestión de los alimentos tomar suplementos alimenticos recetados por un especialista capacitado en nutrición.Es recomendable comer con intervalos medianamente regulares a lo largo de todo el día.

Esto permite mantener el nivel de azúcar en sangre. En caso de que se omita cualquiera de las comidas del día, ya sea el desayuno, el almuerzo o la cena, es muy poco productivo para la dieta.', N'NULLTener un dieta balanceada, si no hay buena gestión de los alimentos tomar suplementos alimenticos ', N'dieta.jpg')
INSERT [dbo].[recomendacion] ([id_recomendacion], [titulo], [descripcion], [descripcion_corta], [imagen]) VALUES (11, N'Vicios ', N'Evite el cigarro y las bebidas alcohólicas.Fumar es malo para los huesos, para el corazón y para los pulmones. Además, las personas que toman bebidas alcohólicas en exceso están más propensas a perder hueso y a fracturarse los huesos porque no mantienen un buen régimen alimenticio y también corren el riesgo de caerse.', N'Evite el cigarro y las bebidas alcohólicas', N'vicios.jpg')
INSERT [dbo].[recomendacion] ([id_recomendacion], [titulo], [descripcion], [descripcion_corta], [imagen]) VALUES (12, N'Ejercicio Regularmente.', N'El ejercicio ayuda a que los huesos se fortalezcan. Para aumentar el fortalecimiento de todo su cuerpo usted puede:caminar, correr o trotar,subir escalerias,jugar al tenis,bailar,etc.', N'
El ejercicio ayuda a que los huesos se fortalezcan. Para aumentar el fortalecimiento de todo su cuerpo usted puede:', N'correr.jpg')
INSERT [dbo].[recomendacion] ([id_recomendacion], [titulo], [descripcion], [descripcion_corta], [imagen]) VALUES (13, N'Calcio y Vitamina D', N'Su cuerpo necesita calcio para mantener los huesos densos y fuertes. La densidad ósea baja puede provocar que sus huesos se vuelvan quebradizos y frágiles. Estos huesos débiles pueden fracturarse (romperse) fácilmente, incluso sin una lesión evidente.

La vitamina D ayuda a su cuerpo a absorber el calcio. Coma alimentos que proporcionan las cantidades adecuadas de calcio, vitamina D y proteínas. Este tipo de dieta le dará a su cuerpo los pilares fundamentales que necesita para producir y mantener los huesos fuertes.', N'Tomar suplementos de calcio y Vitamina D', N'calciod.jpg')
INSERT [dbo].[recomendacion] ([id_recomendacion], [titulo], [descripcion], [descripcion_corta], [imagen]) VALUES (14, N'Vitamina C y Omega 3', N'Tomar Vitaminas C y Omega 3.El cuerpo no puede producir la vitamina C por sí solo ni tampoco la almacena. Por lo tanto, es importante incluir en la dieta muchos alimentos que contengan esta vitamina. La vitamina C es perfecta para el correcto funcionamiento del sistema inmunológico y para combatir el envejecimiento prematuro, el cáncer y otras dolencias,alimentos como las chinas, mandarinas, limón, mango, piña, uva, melón, sandía, fresa, kiwi, manzana, guayaba, tomates, pimientos, brécol, aguacate, coliflor, papas, cilantro y champiñones aportan dosis mayores al organismo. Consumir alimentos que tambien contengan Omega 3 para tomar sus propiedades enriquecedoras .El Omega 3 se encuentra en los peces de agua fría o profunda y en los mariscos como el pescado,salmon, sardinas,etc,', N'Tomar Vitaminas C y Omega 3', N'omega.jpg')
INSERT [dbo].[recomendacion] ([id_recomendacion], [titulo], [descripcion], [descripcion_corta], [imagen]) VALUES (15, N'Alimentos Ricos en Hierro', N'El hierro favorece una correcta respiración al facilitar el transporte de oxígeno a los tejidos y hace que la sangre circule a un ritmo adecuado. Sirve para activar el grupo de vitaminas B, y estimula la inmunidad y la resistencia física, ya que una de sus funciones principales es la de oxidar la glucosa para convertirla en energía. Además, es imprescindible para la formación de proteínas de los músculos, las células rojas y los huesos.

Los niños, adolescentes y embarazadas son las personas que necesitan un mayor aporte de hierro. Se trata pues de una de las sustancias más importantes para el correcto funcionamiento del cuerpo.', N'El hierro favorece una correcta respiración al facilitar el transporte de oxígeno a los tejidos..', N'hierro.jpg')
INSERT [dbo].[recomendacion] ([id_recomendacion], [titulo], [descripcion], [descripcion_corta], [imagen]) VALUES (16, N'Alimentos Ricos en Acido Folico', N'El folato (ácido fólico) es necesario para la formación y crecimiento de los glóbulos rojos sanguíneos y se puede obtener consumiendo hortalizas de hoja verde e hígado. Sin embargo, el cuerpo no almacena el folato en grandes cantidades, así que es necesario comer muchos alimentos ricos en folato para mantener los niveles normales de esta vitamina.', N'El folato (ácido fólico) es necesario para la formación y crecimiento de los glóbulos rojos sanguíneos ', N'acido.jpg')
INSERT [dbo].[recomendacion] ([id_recomendacion], [titulo], [descripcion], [descripcion_corta], [imagen]) VALUES (17, N'Ejercicios Suaves', N'Haz un programa regular de ejercicios suaves como:yoga, meditacion,ejercicios respiratorios caminar, etc.', N'Haz un programa de ejercicios suaves:', N'yoga.jpg')
INSERT [dbo].[recomendacion] ([id_recomendacion], [titulo], [descripcion], [descripcion_corta], [imagen]) VALUES (18, N'Vitamina C', N'La vitamina C ayuda a que la abbsorcion del hierro sea mayor.Así, cuando se tomen legumbres interesa incluir como ingrediente del plato alimentos ricos en vitamina C (pimiento, tomate...) o tomar una ensalada que incluya tomate y de postre elegir entre las siguientes frutas (cítricos, fresas, melón, kiwi y otras frutas tropicales como guayaba, mango) con el fin de que el organismo pueda absorber la máxima cantidad del hierro vegetal. Si el médico ha prescrito tomar hierro oral en pastillas como tratamiento de la anemia, estas se pueden tomar junto con un kiwi o un zumo natural de naranja, con el fin de aumentar la absorción de hierro del propio medicamento', N'La vitamina C ayuda a que la abbsorcion del hierro sea mayor.', N'vitaminac.jpg')
INSERT [dbo].[recomendacion] ([id_recomendacion], [titulo], [descripcion], [descripcion_corta], [imagen]) VALUES (19, N'Agua', N'Bebe mucha agua todos los días. Te ayudará a mantener todo el cuerpo hidratado, incluso tu cabello. El tallo del pelo está compuesto químicamente por agua, por lo tanto beber este líquido en forma abundante también te asegura el crecimiento del cabello.', N'Bebe mucha agua todos los días.', N'agua.jpg')
INSERT [dbo].[recomendacion] ([id_recomendacion], [titulo], [descripcion], [descripcion_corta], [imagen]) VALUES (20, N'Vitamina A', N' Incluye en tu dieta vitamina A, ésta ayuda a que el cabello crezca de forma rápida y saludable. La puedes encontrar en el hígado, la zanahoria, los huevos o el queso.
', N'NULLIncluye en tu dieta vitamina A, ésta ayuda a que el cabello crezca', N'vitaminaa.jpg')
INSERT [dbo].[recomendacion] ([id_recomendacion], [titulo], [descripcion], [descripcion_corta], [imagen]) VALUES (21, N'Frutas y Verduras', N'Sus reconocidas propiedades han hecho de las verduras y frutas un elemento fundamental de la dieta humana, ya que contribuyen a la salud de toda la familia. Se sugiere  ingerir entre 2 y 5 porciones de verduras al día y entre 2 y 4 de frutas, de acuerdo a los requerimientos energéticos individuales, para lograr cubrir la cuota de vitaminas, minerales y fibras que necesita el organismo.', N'Sus reconocidas propiedades han hecho de las verduras y frutas un elemento fundamental ..', N'frutasverduras.jpg')
INSERT [dbo].[recomendacion] ([id_recomendacion], [titulo], [descripcion], [descripcion_corta], [imagen]) VALUES (22, N'Niveles de Colesterol', N'Es importante conocer nuestros niveles de colesterol para que se nos agrave con las demas enfermedades, pues una combinacion de varias puede resultar catastrofico, debemos conocer los niveles y mantenerlos controlados, asi que regularmente estar al pendiente de estas cifras.', N'Es importante conocer nuestros niveles de colesterol para que no se nos agrave', N'colesterol.jpg')
INSERT [dbo].[recomendacion] ([id_recomendacion], [titulo], [descripcion], [descripcion_corta], [imagen]) VALUES (23, N'Proteinas', N'Según los últimos estudios, se considera que para ganar masa muscular es necesario ingerir en tu dieta entre 0,5 y 2 gramos de proteína por cada kilo de tu peso corporal. No obstante,  la regla habitual que se toma en cuenta es la de hacer una media, 1gr por kilo de peso . .', N'Según los últimos estudios, se considera que para ganar masa muscular ', N'proteinas.jpg')
INSERT [dbo].[recomendacion] ([id_recomendacion], [titulo], [descripcion], [descripcion_corta], [imagen]) VALUES (24, N'Descansos', N'Una de las razones por las que descansar lo suficiente es tan importante para el crecimiento muscular es que es precisamente durante las horas de sueño cuando tu organismo se ocupa mayormente de reparar el tejido muscular. Como sabes, durante tu entrenamiento, la sobrecarga a la que expones tus músculos hace que se produzcan unas micro-fisuras en el tejido muscular, fisuras las cuales se reparan mayormente durante las 7-8 horas diarias de descanso que tu cuerpo necesita.', N'Una de las razones por las que descansar lo suficiente es tan importante para el crecimiento muscular es que', N'dormir.jpg')
INSERT [dbo].[recomendacion] ([id_recomendacion], [titulo], [descripcion], [descripcion_corta], [imagen]) VALUES (25, N'Evitar Sales', N'Es un mineral esencial para nuestra salud; pero un arma de doble filo. Al ser alta en sodio provoca que el cuerpo retenga líquido, lo cual aumenta la presión sanguínea. Si padeces de alta presión es recomendable que sustituyas la sal con hierbas y especias.', N'Es un mineral esencial para nuestra salud; pero un arma de doble filo. ', N'sal.jpg')
INSERT [dbo].[recomendacion] ([id_recomendacion], [titulo], [descripcion], [descripcion_corta], [imagen]) VALUES (26, N'Alimentos Ricos En Potasio', N'La OMS recomienda aumentar la ingesta de potasio a través de los alimentos para reducir la tensión arterial Alimentos ricos en potasio para la hipertensión arterial.Para aumentar el potasio debemos consumir alimentos como verduras, legumbres,hortalizas y tuberculos.', N'La OMS recomienda aumentar la ingesta de potasio a través de los alimentos para reducir la tensión arterial ', N'bananas.jpg')
INSERT [dbo].[recomendacion] ([id_recomendacion], [titulo], [descripcion], [descripcion_corta], [imagen]) VALUES (27, N'Contenido de Fibra', N'La fibra es una sustancia que se encuentra en las plantas que le ayudara contra la hipertension. La fibra vegetal, el tipo de que usted come, se encuentra en las frutas, las verduras y los granos. Su cuerpo no puede digerir la fibra, así que esta pasa a través de los intestinos rápidamente.', N'La fibra es una sustancia que se encuentra en las plantas.', N'fibra.jpg')
INSERT [dbo].[recomendacion] ([id_recomendacion], [titulo], [descripcion], [descripcion_corta], [imagen]) VALUES (28, N'Ejercicio Diabetico Mellitus', N'Una sesión debería constar de unos 10 a 20 minutos de estiramiento y de fuerza muscular, 5 minutos de calentamiento aeróbico (carrera suave), 15 a 60 minutos de ejercicio aeróbico a una intensidad apropiada y de 5 a 10 minutos de ejercicio de baja intensidad al acabar la práctica deportiva. Los deportes más recomendables son caminar, correr y montar en bicicleta, pero siempre hay que tener en cuenta el historial médico del paciente.', N'Una sesión debería constar de unos 10 a 20 minutos de estiramiento y de fuerza muscular, ', N'estiramiento.jpg')
INSERT [dbo].[recomendacion] ([id_recomendacion], [titulo], [descripcion], [descripcion_corta], [imagen]) VALUES (29, N'No Fumar', N'Dejar de fumar engloba muchas enfermedades por lo que es necesario dejar este mal habito, ya que ademas de afectar a organos directamente, afecta mucho mas si se tiene otra enfermedad mas,se debe de dejar de hacer por completo.', N'Dejar de fumar engloba muchas enfermedades', N'nofumar.jpg')
INSERT [dbo].[recomendacion] ([id_recomendacion], [titulo], [descripcion], [descripcion_corta], [imagen]) VALUES (30, N'No tomar', N'el alcohol en sí mismo no es esencial para la función general de tu cuerpo, y por eso no se lo considera un nutriente. Después de beber, tu cuerpo trabaja para eliminar el alcohol y no almacena nada de eso. Mientras que puedes creer que ciertas formas de alcohol, como el vino tinto, son "buenas" para ti, no hay ningún beneficio real para la salud asociados con beber.', N' el alcohol en sí mismo no es esencial para la función general de tu cuerpo, ', N'notomar.jpg')
SET IDENTITY_INSERT [dbo].[recomendacion] OFF
INSERT [dbo].[recomendaciones_enfermedad] ([id_recomendacion], [id_enfermedad]) VALUES (1, 10)
INSERT [dbo].[recomendaciones_enfermedad] ([id_recomendacion], [id_enfermedad]) VALUES (1, 11)
INSERT [dbo].[recomendaciones_enfermedad] ([id_recomendacion], [id_enfermedad]) VALUES (1, 12)
INSERT [dbo].[recomendaciones_enfermedad] ([id_recomendacion], [id_enfermedad]) VALUES (1, 13)
INSERT [dbo].[recomendaciones_enfermedad] ([id_recomendacion], [id_enfermedad]) VALUES (1, 14)
INSERT [dbo].[recomendaciones_enfermedad] ([id_recomendacion], [id_enfermedad]) VALUES (1, 15)
INSERT [dbo].[recomendaciones_enfermedad] ([id_recomendacion], [id_enfermedad]) VALUES (1, 16)
INSERT [dbo].[recomendaciones_enfermedad] ([id_recomendacion], [id_enfermedad]) VALUES (1, 17)
INSERT [dbo].[recomendaciones_enfermedad] ([id_recomendacion], [id_enfermedad]) VALUES (1, 18)
INSERT [dbo].[recomendaciones_enfermedad] ([id_recomendacion], [id_enfermedad]) VALUES (1, 19)
INSERT [dbo].[recomendaciones_enfermedad] ([id_recomendacion], [id_enfermedad]) VALUES (1, 20)
INSERT [dbo].[recomendaciones_enfermedad] ([id_recomendacion], [id_enfermedad]) VALUES (1, 21)
INSERT [dbo].[recomendaciones_enfermedad] ([id_recomendacion], [id_enfermedad]) VALUES (1, 22)
INSERT [dbo].[recomendaciones_enfermedad] ([id_recomendacion], [id_enfermedad]) VALUES (1, 23)
INSERT [dbo].[recomendaciones_enfermedad] ([id_recomendacion], [id_enfermedad]) VALUES (1, 24)
INSERT [dbo].[recomendaciones_enfermedad] ([id_recomendacion], [id_enfermedad]) VALUES (1, 25)
INSERT [dbo].[recomendaciones_enfermedad] ([id_recomendacion], [id_enfermedad]) VALUES (1, 26)
INSERT [dbo].[recomendaciones_enfermedad] ([id_recomendacion], [id_enfermedad]) VALUES (1, 27)
INSERT [dbo].[recomendaciones_enfermedad] ([id_recomendacion], [id_enfermedad]) VALUES (1, 28)
INSERT [dbo].[recomendaciones_enfermedad] ([id_recomendacion], [id_enfermedad]) VALUES (1, 29)
INSERT [dbo].[recomendaciones_enfermedad] ([id_recomendacion], [id_enfermedad]) VALUES (1, 30)
INSERT [dbo].[recomendaciones_enfermedad] ([id_recomendacion], [id_enfermedad]) VALUES (1, 31)
INSERT [dbo].[recomendaciones_enfermedad] ([id_recomendacion], [id_enfermedad]) VALUES (1, 32)
INSERT [dbo].[recomendaciones_enfermedad] ([id_recomendacion], [id_enfermedad]) VALUES (1, 34)
INSERT [dbo].[recomendaciones_enfermedad] ([id_recomendacion], [id_enfermedad]) VALUES (1, 35)
INSERT [dbo].[recomendaciones_enfermedad] ([id_recomendacion], [id_enfermedad]) VALUES (1, 36)
INSERT [dbo].[recomendaciones_enfermedad] ([id_recomendacion], [id_enfermedad]) VALUES (1, 37)
INSERT [dbo].[recomendaciones_enfermedad] ([id_recomendacion], [id_enfermedad]) VALUES (1, 38)
INSERT [dbo].[recomendaciones_enfermedad] ([id_recomendacion], [id_enfermedad]) VALUES (1, 39)
INSERT [dbo].[recomendaciones_enfermedad] ([id_recomendacion], [id_enfermedad]) VALUES (1, 40)
INSERT [dbo].[recomendaciones_enfermedad] ([id_recomendacion], [id_enfermedad]) VALUES (1, 41)
INSERT [dbo].[recomendaciones_enfermedad] ([id_recomendacion], [id_enfermedad]) VALUES (1, 42)
INSERT [dbo].[recomendaciones_enfermedad] ([id_recomendacion], [id_enfermedad]) VALUES (1, 43)
INSERT [dbo].[recomendaciones_enfermedad] ([id_recomendacion], [id_enfermedad]) VALUES (1, 44)
INSERT [dbo].[recomendaciones_enfermedad] ([id_recomendacion], [id_enfermedad]) VALUES (1, 45)
INSERT [dbo].[recomendaciones_enfermedad] ([id_recomendacion], [id_enfermedad]) VALUES (2, 10)
INSERT [dbo].[recomendaciones_enfermedad] ([id_recomendacion], [id_enfermedad]) VALUES (2, 11)
INSERT [dbo].[recomendaciones_enfermedad] ([id_recomendacion], [id_enfermedad]) VALUES (2, 12)
INSERT [dbo].[recomendaciones_enfermedad] ([id_recomendacion], [id_enfermedad]) VALUES (2, 13)
INSERT [dbo].[recomendaciones_enfermedad] ([id_recomendacion], [id_enfermedad]) VALUES (2, 14)
INSERT [dbo].[recomendaciones_enfermedad] ([id_recomendacion], [id_enfermedad]) VALUES (2, 15)
INSERT [dbo].[recomendaciones_enfermedad] ([id_recomendacion], [id_enfermedad]) VALUES (2, 16)
INSERT [dbo].[recomendaciones_enfermedad] ([id_recomendacion], [id_enfermedad]) VALUES (2, 17)
INSERT [dbo].[recomendaciones_enfermedad] ([id_recomendacion], [id_enfermedad]) VALUES (2, 18)
INSERT [dbo].[recomendaciones_enfermedad] ([id_recomendacion], [id_enfermedad]) VALUES (2, 19)
INSERT [dbo].[recomendaciones_enfermedad] ([id_recomendacion], [id_enfermedad]) VALUES (2, 20)
INSERT [dbo].[recomendaciones_enfermedad] ([id_recomendacion], [id_enfermedad]) VALUES (2, 21)
INSERT [dbo].[recomendaciones_enfermedad] ([id_recomendacion], [id_enfermedad]) VALUES (2, 22)
INSERT [dbo].[recomendaciones_enfermedad] ([id_recomendacion], [id_enfermedad]) VALUES (2, 23)
INSERT [dbo].[recomendaciones_enfermedad] ([id_recomendacion], [id_enfermedad]) VALUES (2, 24)
INSERT [dbo].[recomendaciones_enfermedad] ([id_recomendacion], [id_enfermedad]) VALUES (2, 25)
INSERT [dbo].[recomendaciones_enfermedad] ([id_recomendacion], [id_enfermedad]) VALUES (2, 26)
INSERT [dbo].[recomendaciones_enfermedad] ([id_recomendacion], [id_enfermedad]) VALUES (2, 27)
INSERT [dbo].[recomendaciones_enfermedad] ([id_recomendacion], [id_enfermedad]) VALUES (2, 28)
INSERT [dbo].[recomendaciones_enfermedad] ([id_recomendacion], [id_enfermedad]) VALUES (2, 29)
INSERT [dbo].[recomendaciones_enfermedad] ([id_recomendacion], [id_enfermedad]) VALUES (2, 30)
INSERT [dbo].[recomendaciones_enfermedad] ([id_recomendacion], [id_enfermedad]) VALUES (2, 31)
INSERT [dbo].[recomendaciones_enfermedad] ([id_recomendacion], [id_enfermedad]) VALUES (2, 32)
INSERT [dbo].[recomendaciones_enfermedad] ([id_recomendacion], [id_enfermedad]) VALUES (2, 34)
INSERT [dbo].[recomendaciones_enfermedad] ([id_recomendacion], [id_enfermedad]) VALUES (2, 35)
INSERT [dbo].[recomendaciones_enfermedad] ([id_recomendacion], [id_enfermedad]) VALUES (2, 36)
INSERT [dbo].[recomendaciones_enfermedad] ([id_recomendacion], [id_enfermedad]) VALUES (2, 37)
INSERT [dbo].[recomendaciones_enfermedad] ([id_recomendacion], [id_enfermedad]) VALUES (2, 38)
INSERT [dbo].[recomendaciones_enfermedad] ([id_recomendacion], [id_enfermedad]) VALUES (2, 39)
INSERT [dbo].[recomendaciones_enfermedad] ([id_recomendacion], [id_enfermedad]) VALUES (2, 40)
INSERT [dbo].[recomendaciones_enfermedad] ([id_recomendacion], [id_enfermedad]) VALUES (2, 41)
INSERT [dbo].[recomendaciones_enfermedad] ([id_recomendacion], [id_enfermedad]) VALUES (2, 42)
INSERT [dbo].[recomendaciones_enfermedad] ([id_recomendacion], [id_enfermedad]) VALUES (2, 43)
INSERT [dbo].[recomendaciones_enfermedad] ([id_recomendacion], [id_enfermedad]) VALUES (2, 44)
INSERT [dbo].[recomendaciones_enfermedad] ([id_recomendacion], [id_enfermedad]) VALUES (2, 45)
INSERT [dbo].[recomendaciones_enfermedad] ([id_recomendacion], [id_enfermedad]) VALUES (3, 10)
INSERT [dbo].[recomendaciones_enfermedad] ([id_recomendacion], [id_enfermedad]) VALUES (3, 11)
INSERT [dbo].[recomendaciones_enfermedad] ([id_recomendacion], [id_enfermedad]) VALUES (3, 12)
INSERT [dbo].[recomendaciones_enfermedad] ([id_recomendacion], [id_enfermedad]) VALUES (3, 13)
INSERT [dbo].[recomendaciones_enfermedad] ([id_recomendacion], [id_enfermedad]) VALUES (3, 14)
INSERT [dbo].[recomendaciones_enfermedad] ([id_recomendacion], [id_enfermedad]) VALUES (3, 15)
INSERT [dbo].[recomendaciones_enfermedad] ([id_recomendacion], [id_enfermedad]) VALUES (3, 16)
INSERT [dbo].[recomendaciones_enfermedad] ([id_recomendacion], [id_enfermedad]) VALUES (3, 17)
INSERT [dbo].[recomendaciones_enfermedad] ([id_recomendacion], [id_enfermedad]) VALUES (3, 18)
INSERT [dbo].[recomendaciones_enfermedad] ([id_recomendacion], [id_enfermedad]) VALUES (3, 19)
INSERT [dbo].[recomendaciones_enfermedad] ([id_recomendacion], [id_enfermedad]) VALUES (3, 20)
INSERT [dbo].[recomendaciones_enfermedad] ([id_recomendacion], [id_enfermedad]) VALUES (3, 21)
INSERT [dbo].[recomendaciones_enfermedad] ([id_recomendacion], [id_enfermedad]) VALUES (3, 22)
INSERT [dbo].[recomendaciones_enfermedad] ([id_recomendacion], [id_enfermedad]) VALUES (3, 23)
INSERT [dbo].[recomendaciones_enfermedad] ([id_recomendacion], [id_enfermedad]) VALUES (3, 24)
INSERT [dbo].[recomendaciones_enfermedad] ([id_recomendacion], [id_enfermedad]) VALUES (3, 25)
INSERT [dbo].[recomendaciones_enfermedad] ([id_recomendacion], [id_enfermedad]) VALUES (3, 26)
INSERT [dbo].[recomendaciones_enfermedad] ([id_recomendacion], [id_enfermedad]) VALUES (3, 27)
INSERT [dbo].[recomendaciones_enfermedad] ([id_recomendacion], [id_enfermedad]) VALUES (3, 28)
INSERT [dbo].[recomendaciones_enfermedad] ([id_recomendacion], [id_enfermedad]) VALUES (3, 29)
INSERT [dbo].[recomendaciones_enfermedad] ([id_recomendacion], [id_enfermedad]) VALUES (3, 30)
INSERT [dbo].[recomendaciones_enfermedad] ([id_recomendacion], [id_enfermedad]) VALUES (3, 31)
INSERT [dbo].[recomendaciones_enfermedad] ([id_recomendacion], [id_enfermedad]) VALUES (3, 32)
INSERT [dbo].[recomendaciones_enfermedad] ([id_recomendacion], [id_enfermedad]) VALUES (3, 34)
INSERT [dbo].[recomendaciones_enfermedad] ([id_recomendacion], [id_enfermedad]) VALUES (3, 35)
INSERT [dbo].[recomendaciones_enfermedad] ([id_recomendacion], [id_enfermedad]) VALUES (3, 36)
INSERT [dbo].[recomendaciones_enfermedad] ([id_recomendacion], [id_enfermedad]) VALUES (3, 37)
INSERT [dbo].[recomendaciones_enfermedad] ([id_recomendacion], [id_enfermedad]) VALUES (3, 38)
INSERT [dbo].[recomendaciones_enfermedad] ([id_recomendacion], [id_enfermedad]) VALUES (3, 39)
INSERT [dbo].[recomendaciones_enfermedad] ([id_recomendacion], [id_enfermedad]) VALUES (3, 40)
INSERT [dbo].[recomendaciones_enfermedad] ([id_recomendacion], [id_enfermedad]) VALUES (3, 41)
INSERT [dbo].[recomendaciones_enfermedad] ([id_recomendacion], [id_enfermedad]) VALUES (3, 42)
INSERT [dbo].[recomendaciones_enfermedad] ([id_recomendacion], [id_enfermedad]) VALUES (3, 43)
INSERT [dbo].[recomendaciones_enfermedad] ([id_recomendacion], [id_enfermedad]) VALUES (3, 44)
INSERT [dbo].[recomendaciones_enfermedad] ([id_recomendacion], [id_enfermedad]) VALUES (3, 45)
INSERT [dbo].[recomendaciones_enfermedad] ([id_recomendacion], [id_enfermedad]) VALUES (4, 10)
INSERT [dbo].[recomendaciones_enfermedad] ([id_recomendacion], [id_enfermedad]) VALUES (4, 11)
INSERT [dbo].[recomendaciones_enfermedad] ([id_recomendacion], [id_enfermedad]) VALUES (4, 12)
INSERT [dbo].[recomendaciones_enfermedad] ([id_recomendacion], [id_enfermedad]) VALUES (4, 13)
INSERT [dbo].[recomendaciones_enfermedad] ([id_recomendacion], [id_enfermedad]) VALUES (4, 14)
INSERT [dbo].[recomendaciones_enfermedad] ([id_recomendacion], [id_enfermedad]) VALUES (4, 15)
INSERT [dbo].[recomendaciones_enfermedad] ([id_recomendacion], [id_enfermedad]) VALUES (4, 16)
INSERT [dbo].[recomendaciones_enfermedad] ([id_recomendacion], [id_enfermedad]) VALUES (4, 17)
INSERT [dbo].[recomendaciones_enfermedad] ([id_recomendacion], [id_enfermedad]) VALUES (4, 18)
INSERT [dbo].[recomendaciones_enfermedad] ([id_recomendacion], [id_enfermedad]) VALUES (4, 19)
INSERT [dbo].[recomendaciones_enfermedad] ([id_recomendacion], [id_enfermedad]) VALUES (4, 20)
INSERT [dbo].[recomendaciones_enfermedad] ([id_recomendacion], [id_enfermedad]) VALUES (4, 21)
INSERT [dbo].[recomendaciones_enfermedad] ([id_recomendacion], [id_enfermedad]) VALUES (4, 22)
INSERT [dbo].[recomendaciones_enfermedad] ([id_recomendacion], [id_enfermedad]) VALUES (4, 23)
INSERT [dbo].[recomendaciones_enfermedad] ([id_recomendacion], [id_enfermedad]) VALUES (4, 24)
INSERT [dbo].[recomendaciones_enfermedad] ([id_recomendacion], [id_enfermedad]) VALUES (4, 25)
INSERT [dbo].[recomendaciones_enfermedad] ([id_recomendacion], [id_enfermedad]) VALUES (4, 26)
INSERT [dbo].[recomendaciones_enfermedad] ([id_recomendacion], [id_enfermedad]) VALUES (4, 27)
INSERT [dbo].[recomendaciones_enfermedad] ([id_recomendacion], [id_enfermedad]) VALUES (4, 28)
INSERT [dbo].[recomendaciones_enfermedad] ([id_recomendacion], [id_enfermedad]) VALUES (4, 29)
INSERT [dbo].[recomendaciones_enfermedad] ([id_recomendacion], [id_enfermedad]) VALUES (4, 30)
INSERT [dbo].[recomendaciones_enfermedad] ([id_recomendacion], [id_enfermedad]) VALUES (4, 31)
INSERT [dbo].[recomendaciones_enfermedad] ([id_recomendacion], [id_enfermedad]) VALUES (4, 32)
INSERT [dbo].[recomendaciones_enfermedad] ([id_recomendacion], [id_enfermedad]) VALUES (4, 34)
INSERT [dbo].[recomendaciones_enfermedad] ([id_recomendacion], [id_enfermedad]) VALUES (4, 35)
INSERT [dbo].[recomendaciones_enfermedad] ([id_recomendacion], [id_enfermedad]) VALUES (4, 36)
INSERT [dbo].[recomendaciones_enfermedad] ([id_recomendacion], [id_enfermedad]) VALUES (4, 37)
INSERT [dbo].[recomendaciones_enfermedad] ([id_recomendacion], [id_enfermedad]) VALUES (4, 38)
INSERT [dbo].[recomendaciones_enfermedad] ([id_recomendacion], [id_enfermedad]) VALUES (4, 39)
INSERT [dbo].[recomendaciones_enfermedad] ([id_recomendacion], [id_enfermedad]) VALUES (4, 40)
INSERT [dbo].[recomendaciones_enfermedad] ([id_recomendacion], [id_enfermedad]) VALUES (4, 41)
INSERT [dbo].[recomendaciones_enfermedad] ([id_recomendacion], [id_enfermedad]) VALUES (4, 42)
INSERT [dbo].[recomendaciones_enfermedad] ([id_recomendacion], [id_enfermedad]) VALUES (4, 43)
INSERT [dbo].[recomendaciones_enfermedad] ([id_recomendacion], [id_enfermedad]) VALUES (4, 44)
INSERT [dbo].[recomendaciones_enfermedad] ([id_recomendacion], [id_enfermedad]) VALUES (4, 45)
INSERT [dbo].[recomendaciones_enfermedad] ([id_recomendacion], [id_enfermedad]) VALUES (5, 10)
INSERT [dbo].[recomendaciones_enfermedad] ([id_recomendacion], [id_enfermedad]) VALUES (5, 11)
INSERT [dbo].[recomendaciones_enfermedad] ([id_recomendacion], [id_enfermedad]) VALUES (5, 12)
INSERT [dbo].[recomendaciones_enfermedad] ([id_recomendacion], [id_enfermedad]) VALUES (5, 13)
INSERT [dbo].[recomendaciones_enfermedad] ([id_recomendacion], [id_enfermedad]) VALUES (5, 14)
INSERT [dbo].[recomendaciones_enfermedad] ([id_recomendacion], [id_enfermedad]) VALUES (5, 15)
INSERT [dbo].[recomendaciones_enfermedad] ([id_recomendacion], [id_enfermedad]) VALUES (5, 16)
INSERT [dbo].[recomendaciones_enfermedad] ([id_recomendacion], [id_enfermedad]) VALUES (5, 17)
INSERT [dbo].[recomendaciones_enfermedad] ([id_recomendacion], [id_enfermedad]) VALUES (5, 18)
INSERT [dbo].[recomendaciones_enfermedad] ([id_recomendacion], [id_enfermedad]) VALUES (5, 19)
INSERT [dbo].[recomendaciones_enfermedad] ([id_recomendacion], [id_enfermedad]) VALUES (5, 20)
INSERT [dbo].[recomendaciones_enfermedad] ([id_recomendacion], [id_enfermedad]) VALUES (5, 21)
INSERT [dbo].[recomendaciones_enfermedad] ([id_recomendacion], [id_enfermedad]) VALUES (5, 22)
INSERT [dbo].[recomendaciones_enfermedad] ([id_recomendacion], [id_enfermedad]) VALUES (5, 23)
INSERT [dbo].[recomendaciones_enfermedad] ([id_recomendacion], [id_enfermedad]) VALUES (5, 24)
INSERT [dbo].[recomendaciones_enfermedad] ([id_recomendacion], [id_enfermedad]) VALUES (5, 25)
INSERT [dbo].[recomendaciones_enfermedad] ([id_recomendacion], [id_enfermedad]) VALUES (5, 26)
INSERT [dbo].[recomendaciones_enfermedad] ([id_recomendacion], [id_enfermedad]) VALUES (5, 27)
INSERT [dbo].[recomendaciones_enfermedad] ([id_recomendacion], [id_enfermedad]) VALUES (5, 28)
INSERT [dbo].[recomendaciones_enfermedad] ([id_recomendacion], [id_enfermedad]) VALUES (5, 29)
INSERT [dbo].[recomendaciones_enfermedad] ([id_recomendacion], [id_enfermedad]) VALUES (5, 30)
INSERT [dbo].[recomendaciones_enfermedad] ([id_recomendacion], [id_enfermedad]) VALUES (5, 31)
INSERT [dbo].[recomendaciones_enfermedad] ([id_recomendacion], [id_enfermedad]) VALUES (5, 32)
INSERT [dbo].[recomendaciones_enfermedad] ([id_recomendacion], [id_enfermedad]) VALUES (5, 34)
INSERT [dbo].[recomendaciones_enfermedad] ([id_recomendacion], [id_enfermedad]) VALUES (5, 35)
INSERT [dbo].[recomendaciones_enfermedad] ([id_recomendacion], [id_enfermedad]) VALUES (5, 36)
INSERT [dbo].[recomendaciones_enfermedad] ([id_recomendacion], [id_enfermedad]) VALUES (5, 37)
INSERT [dbo].[recomendaciones_enfermedad] ([id_recomendacion], [id_enfermedad]) VALUES (5, 38)
INSERT [dbo].[recomendaciones_enfermedad] ([id_recomendacion], [id_enfermedad]) VALUES (5, 39)
INSERT [dbo].[recomendaciones_enfermedad] ([id_recomendacion], [id_enfermedad]) VALUES (5, 40)
INSERT [dbo].[recomendaciones_enfermedad] ([id_recomendacion], [id_enfermedad]) VALUES (5, 41)
INSERT [dbo].[recomendaciones_enfermedad] ([id_recomendacion], [id_enfermedad]) VALUES (5, 42)
INSERT [dbo].[recomendaciones_enfermedad] ([id_recomendacion], [id_enfermedad]) VALUES (5, 43)
INSERT [dbo].[recomendaciones_enfermedad] ([id_recomendacion], [id_enfermedad]) VALUES (5, 44)
INSERT [dbo].[recomendaciones_enfermedad] ([id_recomendacion], [id_enfermedad]) VALUES (5, 45)
INSERT [dbo].[recomendaciones_enfermedad] ([id_recomendacion], [id_enfermedad]) VALUES (6, 10)
INSERT [dbo].[recomendaciones_enfermedad] ([id_recomendacion], [id_enfermedad]) VALUES (6, 11)
INSERT [dbo].[recomendaciones_enfermedad] ([id_recomendacion], [id_enfermedad]) VALUES (6, 12)
INSERT [dbo].[recomendaciones_enfermedad] ([id_recomendacion], [id_enfermedad]) VALUES (6, 13)
INSERT [dbo].[recomendaciones_enfermedad] ([id_recomendacion], [id_enfermedad]) VALUES (6, 14)
INSERT [dbo].[recomendaciones_enfermedad] ([id_recomendacion], [id_enfermedad]) VALUES (6, 15)
INSERT [dbo].[recomendaciones_enfermedad] ([id_recomendacion], [id_enfermedad]) VALUES (6, 16)
INSERT [dbo].[recomendaciones_enfermedad] ([id_recomendacion], [id_enfermedad]) VALUES (6, 17)
INSERT [dbo].[recomendaciones_enfermedad] ([id_recomendacion], [id_enfermedad]) VALUES (6, 18)
INSERT [dbo].[recomendaciones_enfermedad] ([id_recomendacion], [id_enfermedad]) VALUES (6, 19)
INSERT [dbo].[recomendaciones_enfermedad] ([id_recomendacion], [id_enfermedad]) VALUES (6, 20)
INSERT [dbo].[recomendaciones_enfermedad] ([id_recomendacion], [id_enfermedad]) VALUES (6, 21)
INSERT [dbo].[recomendaciones_enfermedad] ([id_recomendacion], [id_enfermedad]) VALUES (6, 22)
INSERT [dbo].[recomendaciones_enfermedad] ([id_recomendacion], [id_enfermedad]) VALUES (6, 23)
INSERT [dbo].[recomendaciones_enfermedad] ([id_recomendacion], [id_enfermedad]) VALUES (6, 24)
INSERT [dbo].[recomendaciones_enfermedad] ([id_recomendacion], [id_enfermedad]) VALUES (6, 25)
INSERT [dbo].[recomendaciones_enfermedad] ([id_recomendacion], [id_enfermedad]) VALUES (6, 26)
INSERT [dbo].[recomendaciones_enfermedad] ([id_recomendacion], [id_enfermedad]) VALUES (6, 27)
INSERT [dbo].[recomendaciones_enfermedad] ([id_recomendacion], [id_enfermedad]) VALUES (6, 28)
INSERT [dbo].[recomendaciones_enfermedad] ([id_recomendacion], [id_enfermedad]) VALUES (6, 29)
INSERT [dbo].[recomendaciones_enfermedad] ([id_recomendacion], [id_enfermedad]) VALUES (6, 30)
INSERT [dbo].[recomendaciones_enfermedad] ([id_recomendacion], [id_enfermedad]) VALUES (6, 31)
INSERT [dbo].[recomendaciones_enfermedad] ([id_recomendacion], [id_enfermedad]) VALUES (6, 32)
INSERT [dbo].[recomendaciones_enfermedad] ([id_recomendacion], [id_enfermedad]) VALUES (6, 34)
INSERT [dbo].[recomendaciones_enfermedad] ([id_recomendacion], [id_enfermedad]) VALUES (6, 35)

INSERT [dbo].[recomendaciones_enfermedad] ([id_recomendacion], [id_enfermedad]) VALUES (6, 36)
INSERT [dbo].[recomendaciones_enfermedad] ([id_recomendacion], [id_enfermedad]) VALUES (6, 37)
INSERT [dbo].[recomendaciones_enfermedad] ([id_recomendacion], [id_enfermedad]) VALUES (6, 38)
INSERT [dbo].[recomendaciones_enfermedad] ([id_recomendacion], [id_enfermedad]) VALUES (6, 39)
INSERT [dbo].[recomendaciones_enfermedad] ([id_recomendacion], [id_enfermedad]) VALUES (6, 40)
INSERT [dbo].[recomendaciones_enfermedad] ([id_recomendacion], [id_enfermedad]) VALUES (6, 41)
INSERT [dbo].[recomendaciones_enfermedad] ([id_recomendacion], [id_enfermedad]) VALUES (6, 42)
INSERT [dbo].[recomendaciones_enfermedad] ([id_recomendacion], [id_enfermedad]) VALUES (6, 43)
INSERT [dbo].[recomendaciones_enfermedad] ([id_recomendacion], [id_enfermedad]) VALUES (6, 44)
INSERT [dbo].[recomendaciones_enfermedad] ([id_recomendacion], [id_enfermedad]) VALUES (6, 45)
INSERT [dbo].[recomendaciones_enfermedad] ([id_recomendacion], [id_enfermedad]) VALUES (7, 10)
INSERT [dbo].[recomendaciones_enfermedad] ([id_recomendacion], [id_enfermedad]) VALUES (7, 11)
INSERT [dbo].[recomendaciones_enfermedad] ([id_recomendacion], [id_enfermedad]) VALUES (7, 12)
INSERT [dbo].[recomendaciones_enfermedad] ([id_recomendacion], [id_enfermedad]) VALUES (7, 13)
INSERT [dbo].[recomendaciones_enfermedad] ([id_recomendacion], [id_enfermedad]) VALUES (7, 14)
INSERT [dbo].[recomendaciones_enfermedad] ([id_recomendacion], [id_enfermedad]) VALUES (7, 15)
INSERT [dbo].[recomendaciones_enfermedad] ([id_recomendacion], [id_enfermedad]) VALUES (7, 16)
INSERT [dbo].[recomendaciones_enfermedad] ([id_recomendacion], [id_enfermedad]) VALUES (7, 17)
INSERT [dbo].[recomendaciones_enfermedad] ([id_recomendacion], [id_enfermedad]) VALUES (7, 18)
INSERT [dbo].[recomendaciones_enfermedad] ([id_recomendacion], [id_enfermedad]) VALUES (7, 19)
INSERT [dbo].[recomendaciones_enfermedad] ([id_recomendacion], [id_enfermedad]) VALUES (7, 20)
INSERT [dbo].[recomendaciones_enfermedad] ([id_recomendacion], [id_enfermedad]) VALUES (7, 21)
INSERT [dbo].[recomendaciones_enfermedad] ([id_recomendacion], [id_enfermedad]) VALUES (7, 22)
INSERT [dbo].[recomendaciones_enfermedad] ([id_recomendacion], [id_enfermedad]) VALUES (7, 23)
INSERT [dbo].[recomendaciones_enfermedad] ([id_recomendacion], [id_enfermedad]) VALUES (7, 24)
INSERT [dbo].[recomendaciones_enfermedad] ([id_recomendacion], [id_enfermedad]) VALUES (7, 25)
INSERT [dbo].[recomendaciones_enfermedad] ([id_recomendacion], [id_enfermedad]) VALUES (7, 26)
INSERT [dbo].[recomendaciones_enfermedad] ([id_recomendacion], [id_enfermedad]) VALUES (7, 27)
INSERT [dbo].[recomendaciones_enfermedad] ([id_recomendacion], [id_enfermedad]) VALUES (7, 28)
INSERT [dbo].[recomendaciones_enfermedad] ([id_recomendacion], [id_enfermedad]) VALUES (7, 29)
INSERT [dbo].[recomendaciones_enfermedad] ([id_recomendacion], [id_enfermedad]) VALUES (7, 30)
INSERT [dbo].[recomendaciones_enfermedad] ([id_recomendacion], [id_enfermedad]) VALUES (7, 31)
INSERT [dbo].[recomendaciones_enfermedad] ([id_recomendacion], [id_enfermedad]) VALUES (7, 32)
INSERT [dbo].[recomendaciones_enfermedad] ([id_recomendacion], [id_enfermedad]) VALUES (7, 34)
INSERT [dbo].[recomendaciones_enfermedad] ([id_recomendacion], [id_enfermedad]) VALUES (7, 35)
INSERT [dbo].[recomendaciones_enfermedad] ([id_recomendacion], [id_enfermedad]) VALUES (7, 36)
INSERT [dbo].[recomendaciones_enfermedad] ([id_recomendacion], [id_enfermedad]) VALUES (7, 37)
INSERT [dbo].[recomendaciones_enfermedad] ([id_recomendacion], [id_enfermedad]) VALUES (7, 38)
INSERT [dbo].[recomendaciones_enfermedad] ([id_recomendacion], [id_enfermedad]) VALUES (7, 39)
INSERT [dbo].[recomendaciones_enfermedad] ([id_recomendacion], [id_enfermedad]) VALUES (7, 40)
INSERT [dbo].[recomendaciones_enfermedad] ([id_recomendacion], [id_enfermedad]) VALUES (7, 41)
INSERT [dbo].[recomendaciones_enfermedad] ([id_recomendacion], [id_enfermedad]) VALUES (7, 42)
INSERT [dbo].[recomendaciones_enfermedad] ([id_recomendacion], [id_enfermedad]) VALUES (7, 43)
INSERT [dbo].[recomendaciones_enfermedad] ([id_recomendacion], [id_enfermedad]) VALUES (7, 44)
INSERT [dbo].[recomendaciones_enfermedad] ([id_recomendacion], [id_enfermedad]) VALUES (7, 45)
INSERT [dbo].[recomendaciones_enfermedad] ([id_recomendacion], [id_enfermedad]) VALUES (8, 10)
INSERT [dbo].[recomendaciones_enfermedad] ([id_recomendacion], [id_enfermedad]) VALUES (8, 11)
INSERT [dbo].[recomendaciones_enfermedad] ([id_recomendacion], [id_enfermedad]) VALUES (8, 12)
INSERT [dbo].[recomendaciones_enfermedad] ([id_recomendacion], [id_enfermedad]) VALUES (8, 13)
INSERT [dbo].[recomendaciones_enfermedad] ([id_recomendacion], [id_enfermedad]) VALUES (8, 14)
INSERT [dbo].[recomendaciones_enfermedad] ([id_recomendacion], [id_enfermedad]) VALUES (8, 15)
INSERT [dbo].[recomendaciones_enfermedad] ([id_recomendacion], [id_enfermedad]) VALUES (8, 16)
INSERT [dbo].[recomendaciones_enfermedad] ([id_recomendacion], [id_enfermedad]) VALUES (8, 17)
INSERT [dbo].[recomendaciones_enfermedad] ([id_recomendacion], [id_enfermedad]) VALUES (8, 18)
INSERT [dbo].[recomendaciones_enfermedad] ([id_recomendacion], [id_enfermedad]) VALUES (8, 19)
INSERT [dbo].[recomendaciones_enfermedad] ([id_recomendacion], [id_enfermedad]) VALUES (8, 20)
INSERT [dbo].[recomendaciones_enfermedad] ([id_recomendacion], [id_enfermedad]) VALUES (8, 21)
INSERT [dbo].[recomendaciones_enfermedad] ([id_recomendacion], [id_enfermedad]) VALUES (8, 22)
INSERT [dbo].[recomendaciones_enfermedad] ([id_recomendacion], [id_enfermedad]) VALUES (8, 23)
INSERT [dbo].[recomendaciones_enfermedad] ([id_recomendacion], [id_enfermedad]) VALUES (8, 24)
INSERT [dbo].[recomendaciones_enfermedad] ([id_recomendacion], [id_enfermedad]) VALUES (8, 25)
INSERT [dbo].[recomendaciones_enfermedad] ([id_recomendacion], [id_enfermedad]) VALUES (8, 26)
INSERT [dbo].[recomendaciones_enfermedad] ([id_recomendacion], [id_enfermedad]) VALUES (8, 27)
INSERT [dbo].[recomendaciones_enfermedad] ([id_recomendacion], [id_enfermedad]) VALUES (8, 28)
INSERT [dbo].[recomendaciones_enfermedad] ([id_recomendacion], [id_enfermedad]) VALUES (8, 29)
INSERT [dbo].[recomendaciones_enfermedad] ([id_recomendacion], [id_enfermedad]) VALUES (8, 30)
INSERT [dbo].[recomendaciones_enfermedad] ([id_recomendacion], [id_enfermedad]) VALUES (8, 31)
INSERT [dbo].[recomendaciones_enfermedad] ([id_recomendacion], [id_enfermedad]) VALUES (8, 32)
INSERT [dbo].[recomendaciones_enfermedad] ([id_recomendacion], [id_enfermedad]) VALUES (8, 34)
INSERT [dbo].[recomendaciones_enfermedad] ([id_recomendacion], [id_enfermedad]) VALUES (8, 35)
INSERT [dbo].[recomendaciones_enfermedad] ([id_recomendacion], [id_enfermedad]) VALUES (8, 36)
INSERT [dbo].[recomendaciones_enfermedad] ([id_recomendacion], [id_enfermedad]) VALUES (8, 37)
INSERT [dbo].[recomendaciones_enfermedad] ([id_recomendacion], [id_enfermedad]) VALUES (8, 38)
INSERT [dbo].[recomendaciones_enfermedad] ([id_recomendacion], [id_enfermedad]) VALUES (8, 39)
INSERT [dbo].[recomendaciones_enfermedad] ([id_recomendacion], [id_enfermedad]) VALUES (8, 40)
INSERT [dbo].[recomendaciones_enfermedad] ([id_recomendacion], [id_enfermedad]) VALUES (8, 41)
INSERT [dbo].[recomendaciones_enfermedad] ([id_recomendacion], [id_enfermedad]) VALUES (8, 42)
INSERT [dbo].[recomendaciones_enfermedad] ([id_recomendacion], [id_enfermedad]) VALUES (8, 43)
INSERT [dbo].[recomendaciones_enfermedad] ([id_recomendacion], [id_enfermedad]) VALUES (8, 44)
INSERT [dbo].[recomendaciones_enfermedad] ([id_recomendacion], [id_enfermedad]) VALUES (8, 45)
INSERT [dbo].[recomendaciones_enfermedad] ([id_recomendacion], [id_enfermedad]) VALUES (9, 10)
INSERT [dbo].[recomendaciones_enfermedad] ([id_recomendacion], [id_enfermedad]) VALUES (9, 11)
INSERT [dbo].[recomendaciones_enfermedad] ([id_recomendacion], [id_enfermedad]) VALUES (9, 12)
INSERT [dbo].[recomendaciones_enfermedad] ([id_recomendacion], [id_enfermedad]) VALUES (9, 13)
INSERT [dbo].[recomendaciones_enfermedad] ([id_recomendacion], [id_enfermedad]) VALUES (9, 14)
INSERT [dbo].[recomendaciones_enfermedad] ([id_recomendacion], [id_enfermedad]) VALUES (9, 15)
INSERT [dbo].[recomendaciones_enfermedad] ([id_recomendacion], [id_enfermedad]) VALUES (9, 16)
INSERT [dbo].[recomendaciones_enfermedad] ([id_recomendacion], [id_enfermedad]) VALUES (9, 17)
INSERT [dbo].[recomendaciones_enfermedad] ([id_recomendacion], [id_enfermedad]) VALUES (9, 18)
INSERT [dbo].[recomendaciones_enfermedad] ([id_recomendacion], [id_enfermedad]) VALUES (9, 19)
INSERT [dbo].[recomendaciones_enfermedad] ([id_recomendacion], [id_enfermedad]) VALUES (9, 20)
INSERT [dbo].[recomendaciones_enfermedad] ([id_recomendacion], [id_enfermedad]) VALUES (9, 21)
INSERT [dbo].[recomendaciones_enfermedad] ([id_recomendacion], [id_enfermedad]) VALUES (9, 22)
INSERT [dbo].[recomendaciones_enfermedad] ([id_recomendacion], [id_enfermedad]) VALUES (9, 23)
INSERT [dbo].[recomendaciones_enfermedad] ([id_recomendacion], [id_enfermedad]) VALUES (9, 24)
INSERT [dbo].[recomendaciones_enfermedad] ([id_recomendacion], [id_enfermedad]) VALUES (9, 25)
INSERT [dbo].[recomendaciones_enfermedad] ([id_recomendacion], [id_enfermedad]) VALUES (9, 26)
INSERT [dbo].[recomendaciones_enfermedad] ([id_recomendacion], [id_enfermedad]) VALUES (9, 27)
INSERT [dbo].[recomendaciones_enfermedad] ([id_recomendacion], [id_enfermedad]) VALUES (9, 28)
INSERT [dbo].[recomendaciones_enfermedad] ([id_recomendacion], [id_enfermedad]) VALUES (9, 29)

INSERT [dbo].[recomendaciones_enfermedad] ([id_recomendacion], [id_enfermedad]) VALUES (9, 30)
INSERT [dbo].[recomendaciones_enfermedad] ([id_recomendacion], [id_enfermedad]) VALUES (9, 31)
INSERT [dbo].[recomendaciones_enfermedad] ([id_recomendacion], [id_enfermedad]) VALUES (9, 32)
INSERT [dbo].[recomendaciones_enfermedad] ([id_recomendacion], [id_enfermedad]) VALUES (9, 34)
INSERT [dbo].[recomendaciones_enfermedad] ([id_recomendacion], [id_enfermedad]) VALUES (9, 35)
INSERT [dbo].[recomendaciones_enfermedad] ([id_recomendacion], [id_enfermedad]) VALUES (9, 36)
INSERT [dbo].[recomendaciones_enfermedad] ([id_recomendacion], [id_enfermedad]) VALUES (9, 37)
INSERT [dbo].[recomendaciones_enfermedad] ([id_recomendacion], [id_enfermedad]) VALUES (9, 38)
INSERT [dbo].[recomendaciones_enfermedad] ([id_recomendacion], [id_enfermedad]) VALUES (9, 39)
INSERT [dbo].[recomendaciones_enfermedad] ([id_recomendacion], [id_enfermedad]) VALUES (9, 40)
INSERT [dbo].[recomendaciones_enfermedad] ([id_recomendacion], [id_enfermedad]) VALUES (9, 41)
INSERT [dbo].[recomendaciones_enfermedad] ([id_recomendacion], [id_enfermedad]) VALUES (9, 42)
INSERT [dbo].[recomendaciones_enfermedad] ([id_recomendacion], [id_enfermedad]) VALUES (9, 43)
INSERT [dbo].[recomendaciones_enfermedad] ([id_recomendacion], [id_enfermedad]) VALUES (9, 44)
INSERT [dbo].[recomendaciones_enfermedad] ([id_recomendacion], [id_enfermedad]) VALUES (9, 45)
INSERT [dbo].[recomendaciones_enfermedad] ([id_recomendacion], [id_enfermedad]) VALUES (10, 1)
INSERT [dbo].[recomendaciones_enfermedad] ([id_recomendacion], [id_enfermedad]) VALUES (10, 20)
INSERT [dbo].[recomendaciones_enfermedad] ([id_recomendacion], [id_enfermedad]) VALUES (10, 16)
INSERT [dbo].[recomendaciones_enfermedad] ([id_recomendacion], [id_enfermedad]) VALUES (10, 17)
INSERT [dbo].[recomendaciones_enfermedad] ([id_recomendacion], [id_enfermedad]) VALUES (10, 18)
INSERT [dbo].[recomendaciones_enfermedad] ([id_recomendacion], [id_enfermedad]) VALUES (10, 19)
INSERT [dbo].[recomendaciones_enfermedad] ([id_recomendacion], [id_enfermedad]) VALUES (11, 2)
INSERT [dbo].[recomendaciones_enfermedad] ([id_recomendacion], [id_enfermedad]) VALUES (12, 2)
INSERT [dbo].[recomendaciones_enfermedad] ([id_recomendacion], [id_enfermedad]) VALUES (13, 2)
INSERT [dbo].[recomendaciones_enfermedad] ([id_recomendacion], [id_enfermedad]) VALUES (14, 3)
INSERT [dbo].[recomendaciones_enfermedad] ([id_recomendacion], [id_enfermedad]) VALUES (12, 3)
INSERT [dbo].[recomendaciones_enfermedad] ([id_recomendacion], [id_enfermedad]) VALUES (15, 5)
INSERT [dbo].[recomendaciones_enfermedad] ([id_recomendacion], [id_enfermedad]) VALUES (16, 5)
INSERT [dbo].[recomendaciones_enfermedad] ([id_recomendacion], [id_enfermedad]) VALUES (17, 5)
INSERT [dbo].[recomendaciones_enfermedad] ([id_recomendacion], [id_enfermedad]) VALUES (18, 5)
INSERT [dbo].[recomendaciones_enfermedad] ([id_recomendacion], [id_enfermedad]) VALUES (19, 6)
INSERT [dbo].[recomendaciones_enfermedad] ([id_recomendacion], [id_enfermedad]) VALUES (20, 6)
INSERT [dbo].[recomendaciones_enfermedad] ([id_recomendacion], [id_enfermedad]) VALUES (21, 10)
INSERT [dbo].[recomendaciones_enfermedad] ([id_recomendacion], [id_enfermedad]) VALUES (21, 11)
INSERT [dbo].[recomendaciones_enfermedad] ([id_recomendacion], [id_enfermedad]) VALUES (21, 12)
INSERT [dbo].[recomendaciones_enfermedad] ([id_recomendacion], [id_enfermedad]) VALUES (22, 10)
INSERT [dbo].[recomendaciones_enfermedad] ([id_recomendacion], [id_enfermedad]) VALUES (22, 11)
INSERT [dbo].[recomendaciones_enfermedad] ([id_recomendacion], [id_enfermedad]) VALUES (22, 12)
INSERT [dbo].[recomendaciones_enfermedad] ([id_recomendacion], [id_enfermedad]) VALUES (23, 8)
INSERT [dbo].[recomendaciones_enfermedad] ([id_recomendacion], [id_enfermedad]) VALUES (24, 8)
INSERT [dbo].[recomendaciones_enfermedad] ([id_recomendacion], [id_enfermedad]) VALUES (25, 13)
INSERT [dbo].[recomendaciones_enfermedad] ([id_recomendacion], [id_enfermedad]) VALUES (25, 14)
INSERT [dbo].[recomendaciones_enfermedad] ([id_recomendacion], [id_enfermedad]) VALUES (25, 15)
INSERT [dbo].[recomendaciones_enfermedad] ([id_recomendacion], [id_enfermedad]) VALUES (26, 13)
INSERT [dbo].[recomendaciones_enfermedad] ([id_recomendacion], [id_enfermedad]) VALUES (26, 14)
INSERT [dbo].[recomendaciones_enfermedad] ([id_recomendacion], [id_enfermedad]) VALUES (26, 15)
INSERT [dbo].[recomendaciones_enfermedad] ([id_recomendacion], [id_enfermedad]) VALUES (27, 13)
INSERT [dbo].[recomendaciones_enfermedad] ([id_recomendacion], [id_enfermedad]) VALUES (27, 14)
INSERT [dbo].[recomendaciones_enfermedad] ([id_recomendacion], [id_enfermedad]) VALUES (27, 15)
INSERT [dbo].[recomendaciones_enfermedad] ([id_recomendacion], [id_enfermedad]) VALUES (28, 20)
INSERT [dbo].[recomendaciones_enfermedad] ([id_recomendacion], [id_enfermedad]) VALUES (22, 21)
INSERT [dbo].[recomendaciones_enfermedad] ([id_recomendacion], [id_enfermedad]) VALUES (22, 22)
INSERT [dbo].[recomendaciones_enfermedad] ([id_recomendacion], [id_enfermedad]) VALUES (10, 21)
INSERT [dbo].[recomendaciones_enfermedad] ([id_recomendacion], [id_enfermedad]) VALUES (10, 22)
INSERT [dbo].[recomendaciones_enfermedad] ([id_recomendacion], [id_enfermedad]) VALUES (10, 28)
INSERT [dbo].[recomendaciones_enfermedad] ([id_recomendacion], [id_enfermedad]) VALUES (10, 38)
INSERT [dbo].[recomendaciones_enfermedad] ([id_recomendacion], [id_enfermedad]) VALUES (10, 39)
INSERT [dbo].[recomendaciones_enfermedad] ([id_recomendacion], [id_enfermedad]) VALUES (10, 40)
INSERT [dbo].[recomendaciones_enfermedad] ([id_recomendacion], [id_enfermedad]) VALUES (10, 41)
INSERT [dbo].[recomendaciones_enfermedad] ([id_recomendacion], [id_enfermedad]) VALUES (10, 35)
INSERT [dbo].[recomendaciones_enfermedad] ([id_recomendacion], [id_enfermedad]) VALUES (10, 36)
INSERT [dbo].[recomendaciones_enfermedad] ([id_recomendacion], [id_enfermedad]) VALUES (10, 37)
INSERT [dbo].[recomendaciones_enfermedad] ([id_recomendacion], [id_enfermedad]) VALUES (10, 29)
INSERT [dbo].[recomendaciones_enfermedad] ([id_recomendacion], [id_enfermedad]) VALUES (10, 30)
INSERT [dbo].[recomendaciones_enfermedad] ([id_recomendacion], [id_enfermedad]) VALUES (29, 10)
INSERT [dbo].[recomendaciones_enfermedad] ([id_recomendacion], [id_enfermedad]) VALUES (29, 11)
INSERT [dbo].[recomendaciones_enfermedad] ([id_recomendacion], [id_enfermedad]) VALUES (29, 12)
INSERT [dbo].[recomendaciones_enfermedad] ([id_recomendacion], [id_enfermedad]) VALUES (29, 23)
INSERT [dbo].[recomendaciones_enfermedad] ([id_recomendacion], [id_enfermedad]) VALUES (21, 23)
INSERT [dbo].[recomendaciones_enfermedad] ([id_recomendacion], [id_enfermedad]) VALUES (22, 23)
INSERT [dbo].[recomendaciones_enfermedad] ([id_recomendacion], [id_enfermedad]) VALUES (29, 16)
INSERT [dbo].[recomendaciones_enfermedad] ([id_recomendacion], [id_enfermedad]) VALUES (29, 17)
INSERT [dbo].[recomendaciones_enfermedad] ([id_recomendacion], [id_enfermedad]) VALUES (29, 18)
INSERT [dbo].[recomendaciones_enfermedad] ([id_recomendacion], [id_enfermedad]) VALUES (29, 19)
INSERT [dbo].[recomendaciones_enfermedad] ([id_recomendacion], [id_enfermedad]) VALUES (29, 24)
INSERT [dbo].[recomendaciones_enfermedad] ([id_recomendacion], [id_enfermedad]) VALUES (29, 25)
INSERT [dbo].[recomendaciones_enfermedad] ([id_recomendacion], [id_enfermedad]) VALUES (29, 26)
INSERT [dbo].[recomendaciones_enfermedad] ([id_recomendacion], [id_enfermedad]) VALUES (29, 27)
INSERT [dbo].[recomendaciones_enfermedad] ([id_recomendacion], [id_enfermedad]) VALUES (29, 28)
INSERT [dbo].[recomendaciones_enfermedad] ([id_recomendacion], [id_enfermedad]) VALUES (30, 28)
INSERT [dbo].[recomendaciones_enfermedad] ([id_recomendacion], [id_enfermedad]) VALUES (30, 38)
INSERT [dbo].[recomendaciones_enfermedad] ([id_recomendacion], [id_enfermedad]) VALUES (30, 39)
INSERT [dbo].[recomendaciones_enfermedad] ([id_recomendacion], [id_enfermedad]) VALUES (30, 40)
INSERT [dbo].[recomendaciones_enfermedad] ([id_recomendacion], [id_enfermedad]) VALUES (30, 41)
